<edmx:Edmx xmlns:edmx="http://schemas.microsoft.com/ado/2007/06/edmx"
	xmlns:m="http://schemas.microsoft.com/ado/2007/08/dataservices/metadata" xmlns:sap="http://www.sap.com/Protocols/SAPData" Version="1.0">
	<edmx:Reference xmlns:edmx="http://docs.oasis-open.org/odata/ns/edmx"
		Uri="https://4eb8e45e-e566-46c5-a6ce-d10cfa194182.abap.eu10.hana.ondemand.com/sap/opu/odata/IWFND/CATALOGSERVICE;v=2/Vocabularies(TechnicalName='%2FIWBEP%2FVOC_COMMON',Version='0001',SAP__Origin='')/$value"><edmx:Include Namespace="com.sap.vocabularies.Common.v1" Alias="Common"/></edmx:Reference>
	<edmx:Reference xmlns:edmx="http://docs.oasis-open.org/odata/ns/edmx"
		Uri="https://4eb8e45e-e566-46c5-a6ce-d10cfa194182.abap.eu10.hana.ondemand.com/sap/opu/odata/IWFND/CATALOGSERVICE;v=2/Vocabularies(TechnicalName='%2FIWBEP%2FVOC_CAPABILITIES',Version='0001',SAP__Origin='')/$value"><edmx:Include Namespace="Org.OData.Capabilities.V1" Alias="Capabilities"/></edmx:Reference>
	<edmx:Reference xmlns:edmx="http://docs.oasis-open.org/odata/ns/edmx"
		Uri="https://4eb8e45e-e566-46c5-a6ce-d10cfa194182.abap.eu10.hana.ondemand.com/sap/opu/odata/IWFND/CATALOGSERVICE;v=2/Vocabularies(TechnicalName='%2FIWBEP%2FVOC_COMMUNICATION',Version='0001',SAP__Origin='')/$value"><edmx:Include Namespace="com.sap.vocabularies.Communication.v1" Alias="Communication"/></edmx:Reference>
	<edmx:Reference xmlns:edmx="http://docs.oasis-open.org/odata/ns/edmx"
		Uri="https://4eb8e45e-e566-46c5-a6ce-d10cfa194182.abap.eu10.hana.ondemand.com/sap/opu/odata/IWFND/CATALOGSERVICE;v=2/Vocabularies(TechnicalName='%2FIWBEP%2FVOC_AGGREGATION',Version='0001',SAP__Origin='')/$value"><edmx:Include Namespace="Org.OData.Aggregation.V1" Alias="Aggregation"/></edmx:Reference>
	<edmx:Reference xmlns:edmx="http://docs.oasis-open.org/odata/ns/edmx"
		Uri="https://4eb8e45e-e566-46c5-a6ce-d10cfa194182.abap.eu10.hana.ondemand.com/sap/opu/odata/IWFND/CATALOGSERVICE;v=2/Vocabularies(TechnicalName='%2FIWBEP%2FVOC_PERSONALDATA',Version='0001',SAP__Origin='')/$value"><edmx:Include Namespace="com.sap.vocabularies.PersonalData.v1" Alias="PersonalData"/></edmx:Reference>
	<edmx:DataServices m:DataServiceVersion="2.0">
		<Schema xmlns="http://schemas.microsoft.com/ado/2008/09/edm" Namespace="cds_zats_sdef_so" xml:lang="en" sap:schema-version="1">
			<EntityType Name="ZATS_C_SALES_ORDERType" sap:label="Consumption Layer for Data Modeling" sap:content-version="1">
				<Key><PropertyRef Name="so_id"/></Key><Property Name="so_id" Type="Edm.Int32" Nullable="false"/><Property Name="customer_name" Type="Edm.String" MaxLength="80"/><Property Name="sales_org" Type="Edm.String" MaxLength="4"/><Property Name="gross_amount" Type="Edm.Decimal" Precision="11" Scale="3" sap:unit="currency_code"/><Property Name="currency_code" Type="Edm.String" MaxLength="5" sap:semantics="currency-code"/><Property Name="created_by" Type="Edm.String" MaxLength="12" sap:display-format="UpperCase" sap:label="User Name"/><Property Name="created_on" Type="Edm.DateTimeOffset" Precision="7" sap:label="Time Stamp"
					sap:quickinfo="UTC Time Stamp in Long Form (YYYYMMDDhhmmssmmmuuun)"/></EntityType>
			<EntityContainer Name="cds_zats_sdef_so_Entities" m:IsDefaultEntityContainer="true" sap:message-scope-supported="true"
				sap:supported-formats="atom json xlsx"><EntitySet Name="ZATS_C_SALES_ORDER" EntityType="cds_zats_sdef_so.ZATS_C_SALES_ORDERType" sap:content-version="1"/></EntityContainer>
			<Annotations xmlns="http://docs.oasis-open.org/odata/ns/edm" Target="cds_zats_sdef_so.cds_zats_sdef_so_Entities">
				<Annotation Term="Aggregation.ApplySupported">
					<Record>
						<PropertyValue Property="Transformations">
							<Collection>
								<String>aggregate</String>
								<String>groupby</String>
								<String>filter</String>
							</Collection>
						</PropertyValue><PropertyValue Property="Rollup" EnumMember="None"/></Record>
				</Annotation>
			</Annotations><atom:link xmlns:atom="http://www.w3.org/2005/Atom" rel="self"
				href="https://4eb8e45e-e566-46c5-a6ce-d10cfa194182.abap.eu10.hana.ondemand.com/sap/opu/odata/sap/ZATS_SB_SALES_ORDER/$metadata"/><atom:link xmlns:atom="http://www.w3.org/2005/Atom" rel="latest-version"
				href="https://4eb8e45e-e566-46c5-a6ce-d10cfa194182.abap.eu10.hana.ondemand.com/sap/opu/odata/sap/ZATS_SB_SALES_ORDER/$metadata"/></Schema>
	</edmx:DataServices>
</edmx:Edmx>