<edmx:Edmx xmlns:edmx="http://docs.oasis-open.org/odata/ns/edmx" Version="4.0">
	<edmx:Reference Uri="../../catalogservice;v=2/Vocabularies(TechnicalName='%2FIWBEP%2FVOC_COMMON',Version='0001',SAP__Origin='')/$value"><edmx:Include Namespace="com.sap.vocabularies.Common.v1" Alias="Common"/></edmx:Reference>
	<edmx:Reference Uri="../../catalogservice;v=2/Vocabularies(TechnicalName='%2FIWBEP%2FVOC_UI',Version='0001',SAP__Origin='')/$value"><edmx:Include Namespace="com.sap.vocabularies.UI.v1" Alias="UI"/></edmx:Reference>
	<edmx:Reference
		Uri="../../catalogservice;v=2/Vocabularies(TechnicalName='%2FIWBEP%2FVOC_COMMUNICATION',Version='0001',SAP__Origin='')/$value"><edmx:Include Namespace="com.sap.vocabularies.Communication.v1" Alias="Communication"/></edmx:Reference>
	<edmx:Reference Uri="../../../sap/zats_sb_sales_order/$metadata"><edmx:Include Namespace="ZATS_SB_SALES_ORDER" Alias="SAP"/></edmx:Reference>
	<edmx:DataServices>
		<Schema xmlns="http://docs.oasis-open.org/odata/ns/edm" Namespace="zats_sb_sales_order_van.v1">
			<Annotations Target="cds_zats_sdef_so.ZATS_C_SALES_ORDERType">
				<Annotation Term="UI.Facets">
					<Collection>
						<Record Type="UI.ReferenceFacet"><PropertyValue Property="Label" String="Sales Order"/><PropertyValue Property="ID" String="Sales Orders"/><PropertyValue Property="Target" AnnotationPath="@UI.Identification"/></Record>
					</Collection>
				</Annotation>
				<Annotation Term="UI.HeaderInfo">
					<Record><PropertyValue Property="TypeName" String="Sales Order"/><PropertyValue Property="TypeNamePlural" String="Sales Orders"/></Record>
				</Annotation>
				<Annotation Term="UI.Identification">
					<Collection>
						<Record Type="UI.DataField"><PropertyValue Property="Value" Path="so_id"/></Record>
						<Record Type="UI.DataField"><PropertyValue Property="Value" Path="customer_name"/></Record>
						<Record Type="UI.DataField"><PropertyValue Property="Value" Path="sales_org"/></Record>
						<Record Type="UI.DataField"><PropertyValue Property="Value" Path="gross_amount"/></Record>
					</Collection>
				</Annotation>
				<Annotation Term="UI.LineItem">
					<Collection>
						<Record Type="UI.DataField"><PropertyValue Property="Value" Path="so_id"/></Record>
						<Record Type="UI.DataField"><PropertyValue Property="Value" Path="customer_name"/></Record>
						<Record Type="UI.DataField"><PropertyValue Property="Value" Path="sales_org"/></Record>
						<Record Type="UI.DataField"><PropertyValue Property="Value" Path="gross_amount"/></Record>
						<Record Type="UI.DataField"><PropertyValue Property="Value" Path="currency_code"/></Record>
					</Collection>
				</Annotation>
				<Annotation Term="UI.SelectionFields">
					<Collection>
						<PropertyPath>so_id</PropertyPath>
						<PropertyPath>customer_name</PropertyPath>
						<PropertyPath>sales_org</PropertyPath>
						<PropertyPath>gross_amount</PropertyPath>
						<PropertyPath>currency_code</PropertyPath>
					</Collection>
				</Annotation>
			</Annotations>
		</Schema>
	</edmx:DataServices>
</edmx:Edmx>